timestamp,status,location,image_path,ai_response
2026-03-28 11:12:51,CLEAR,Sector Alpha – Border Gate 1,,
2026-03-28 11:12:55,CLEAR,Sector Alpha – Border Gate 1,,
2026-03-28 11:12:58,CLEAR,Sector Alpha – Border Gate 1,,
2026-03-28 11:13:04,CLEAR,Sector Alpha – Border Gate 1,,
2026-03-28 11:13:06,CLEAR,Sector Alpha – Border Gate 1,,
2026-03-28 11:13:10,CLEAR,Sector Alpha – Border Gate 1,,
2026-03-28 11:13:14,CLEAR,Sector Alpha – Border Gate 1,,
2026-03-28 11:13:18,CLEAR,Sector Alpha – Border Gate 1,,
2026-03-28 11:13:22,CLEAR,Sector Alpha – Border Gate 1,,
2026-03-28 11:13:26,CLEAR,Sector Alpha – Border Gate 1,,
2026-03-28 11:13:30,CLEAR,Sector Alpha – Border Gate 1,,
2026-03-28 11:13:34,CLEAR,Sector Alpha – Border Gate 1,,
2026-03-28 11:13:40,CLEAR,Sector Alpha – Border Gate 1,,
2026-03-28 11:13:42,CLEAR,Sector Alpha – Border Gate 1,,
2026-03-28 11:13:46,CLEAR,Sector Alpha – Border Gate 1,,
2026-03-28 11:13:50,CLEAR,Sector Alpha – Border Gate 1,,
2026-03-28 11:13:54,CLEAR,Sector Alpha – Border Gate 1,,
2026-03-28 11:13:58,CLEAR,Sector Alpha – Border Gate 1,,
2026-03-28 11:14:02,CLEAR,Sector Alpha – Border Gate 1,,
2026-03-28 11:14:06,CLEAR,Sector Alpha – Border Gate 1,,
2026-03-28 11:14:11,CLEAR,Sector Alpha – Border Gate 1,,
2026-03-28 11:14:14,CLEAR,Sector Alpha – Border Gate 1,,
2026-03-28 11:14:18,CLEAR,Sector Alpha – Border Gate 1,,
2026-03-28 11:14:22,CLEAR,Sector Alpha – Border Gate 1,,
2026-03-28 11:14:26,CLEAR,Sector Alpha – Border Gate 1,,
2026-03-28 11:14:30,CLEAR,Sector Alpha – Border Gate 1,,
2026-03-28 11:14:34,CLEAR,Sector Alpha – Border Gate 1,,
2026-03-28 11:14:38,CLEAR,Sector Alpha – Border Gate 1,,
2026-03-28 11:14:43,CLEAR,Sector Alpha – Border Gate 1,,
2026-03-28 11:14:47,CLEAR,Sector Alpha – Border Gate 1,,
2026-03-28 11:14:50,CLEAR,Sector Alpha – Border Gate 1,,
2026-03-28 11:14:55,CLEAR,Sector Alpha – Border Gate 1,,
2026-03-28 11:14:58,CLEAR,Sector Alpha – Border Gate 1,,
2026-03-28 11:15:02,CLEAR,Sector Alpha – Border Gate 1,,
2026-03-28 11:15:06,CLEAR,Sector Alpha – Border Gate 1,,
2026-03-28 11:15:10,CLEAR,Sector Alpha – Border Gate 1,,
2026-03-28 11:15:14,CLEAR,Sector Alpha – Border Gate 1,,
2026-03-28 11:15:18,CLEAR,Sector Alpha – Border Gate 1,,
2026-03-28 11:15:23,CLEAR,Sector Alpha – Border Gate 1,,
2026-03-28 11:15:26,CLEAR,Sector Alpha – Border Gate 1,,
2026-03-28 11:15:30,CLEAR,Sector Alpha – Border Gate 1,,
2026-03-28 11:15:35,CLEAR,Sector Alpha – Border Gate 1,,
2026-03-28 11:15:38,CLEAR,Sector Alpha – Border Gate 1,,
2026-03-28 11:15:42,CLEAR,Sector Alpha – Border Gate 1,,
2026-03-28 11:15:46,CLEAR,Sector Alpha – Border Gate 1,,
2026-03-28 11:15:50,CLEAR,Sector Alpha – Border Gate 1,,
2026-03-28 11:15:57,CLEAR,Sector Alpha – Border Gate 1,,
2026-03-28 11:15:58,CLEAR,Sector Alpha – Border Gate 1,,
2026-03-28 11:16:02,CLEAR,Sector Alpha – Border Gate 1,,
2026-03-28 11:16:07,CLEAR,Sector Alpha – Border Gate 1,,
2026-03-28 11:16:10,CLEAR,Sector Alpha – Border Gate 1,,
2026-03-28 11:16:15,CLEAR,Sector Alpha – Border Gate 1,,
2026-03-28 11:16:18,CLEAR,Sector Alpha – Border Gate 1,,
2026-03-28 11:16:22,CLEAR,Sector Alpha – Border Gate 1,,
2026-03-28 11:16:27,CLEAR,Sector Alpha – Border Gate 1,,
2026-03-28 11:16:31,CLEAR,Sector Alpha – Border Gate 1,,
2026-03-28 11:16:34,CLEAR,Sector Alpha – Border Gate 1,,
2026-03-28 11:16:38,CLEAR,Sector Alpha – Border Gate 1,,
2026-03-28 11:16:42,CLEAR,Sector Alpha – Border Gate 1,,
2026-03-28 11:16:47,CLEAR,Sector Alpha – Border Gate 1,,
2026-03-28 11:16:51,CLEAR,Sector Alpha – Border Gate 1,,
2026-03-28 11:16:55,CLEAR,Sector Alpha – Border Gate 1,,
2026-03-28 11:16:59,CLEAR,Sector Alpha – Border Gate 1,,
2026-03-28 11:17:02,CLEAR,Sector Alpha – Border Gate 1,,
2026-03-28 11:17:06,CLEAR,Sector Alpha – Border Gate 1,,
2026-03-28 11:17:11,CLEAR,Sector Alpha – Border Gate 1,,
2026-03-28 11:17:14,CLEAR,Sector Alpha – Border Gate 1,,
2026-03-28 11:17:19,CLEAR,Sector Alpha – Border Gate 1,,
2026-03-28 11:17:24,CLEAR,Sector Alpha – Border Gate 1,,
2026-03-28 11:17:28,CLEAR,Sector Alpha – Border Gate 1,,
2026-03-28 11:17:32,CLEAR,Sector Alpha – Border Gate 1,,
2026-03-28 11:17:36,CLEAR,Sector Alpha – Border Gate 1,,
2026-03-28 11:17:40,CLEAR,Sector Alpha – Border Gate 1,,
2026-03-28 11:17:44,CLEAR,Sector Alpha – Border Gate 1,,
2026-03-28 11:17:48,CLEAR,Sector Alpha – Border Gate 1,,
2026-03-28 11:17:53,CLEAR,Sector Alpha – Border Gate 1,,
2026-03-28 11:17:58,CLEAR,Sector Alpha – Border Gate 1,,
2026-03-28 11:18:00,CLEAR,Sector Alpha – Border Gate 1,,
2026-03-28 11:18:04,CLEAR,Sector Alpha – Border Gate 1,,
2026-03-28 11:18:08,CLEAR,Sector Alpha – Border Gate 1,,
2026-03-28 11:18:12,CLEAR,Sector Alpha – Border Gate 1,,
2026-03-28 11:18:16,CLEAR,Sector Alpha – Border Gate 1,,
2026-03-28 11:18:21,CLEAR,Sector Alpha – Border Gate 1,,
2026-03-28 11:18:24,CLEAR,Sector Alpha – Border Gate 1,,
2026-03-28 11:18:28,CLEAR,Sector Alpha – Border Gate 1,,
2026-03-28 11:18:32,CLEAR,Sector Alpha – Border Gate 1,,
2026-03-28 11:18:36,CLEAR,Sector Alpha – Border Gate 1,,
2026-03-28 11:18:41,CLEAR,Sector Alpha – Border Gate 1,,
2026-03-28 11:18:44,CLEAR,Sector Alpha – Border Gate 1,,
2026-03-28 11:25:01,CLEAR,Sector Alpha – Border Gate 1,,
2026-03-28 11:25:05,CLEAR,Sector Alpha – Border Gate 1,,
2026-03-28 11:25:09,CLEAR,Sector Alpha – Border Gate 1,,
2026-03-28 11:25:13,CLEAR,Sector Alpha – Border Gate 1,,
2026-03-28 11:25:17,CLEAR,Sector Alpha – Border Gate 1,,
2026-03-28 11:25:21,CLEAR,Sector Alpha – Border Gate 1,,
2026-03-28 11:25:25,CLEAR,Sector Alpha – Border Gate 1,,
2026-03-28 11:25:29,CLEAR,Sector Alpha – Border Gate 1,,
2026-03-28 11:25:33,CLEAR,Sector Alpha – Border Gate 1,,
2026-03-28 11:25:38,CLEAR,Sector Alpha – Border Gate 1,,
2026-03-28 11:25:41,CLEAR,Sector Alpha – Border Gate 1,,
2026-03-28 11:25:46,CLEAR,Sector Alpha – Border Gate 1,,
2026-03-28 11:25:49,CLEAR,Sector Alpha – Border Gate 1,,
2026-03-28 11:25:53,CLEAR,Sector Alpha – Border Gate 1,,
2026-03-28 11:25:58,CLEAR,Sector Alpha – Border Gate 1,,
2026-03-28 11:26:01,CLEAR,Sector Alpha – Border Gate 1,,
2026-03-28 11:26:05,CLEAR,Sector Alpha – Border Gate 1,,
2026-03-28 11:26:09,CLEAR,Sector Alpha – Border Gate 1,,
2026-03-28 11:26:14,CLEAR,Sector Alpha – Border Gate 1,,
2026-03-28 11:26:17,CLEAR,Sector Alpha – Border Gate 1,,
2026-03-28 11:26:21,CLEAR,Sector Alpha – Border Gate 1,,
2026-03-28 11:29:09,CLEAR,Sector Alpha – Border Gate 1,,NO. The person's hand is partially visible and obscured by the food container.
2026-03-28 11:29:11,CLEAR,Sector Alpha – Border Gate 1,,"NO, the hand is partially covered by a white object."
2026-03-28 11:29:19,INTRUSION,Sector Alpha – Border Gate 1,detections\intrusion_20260328_112919.jpg,"YES, The person's hand is fully open with fingers extended."
2026-03-28 11:29:28,CLEAR,Sector Alpha – Border Gate 1,,"NO, the person has only four fingers visible."
2026-03-28 11:29:31,CLEAR,Sector Alpha – Border Gate 1,,"NO, the hand is partially closed."
2026-03-28 11:29:38,CLEAR,Sector Alpha – Border Gate 1,,"NO, the hand is partially obscured by the arm."
2026-03-28 11:29:41,CLEAR,Sector Alpha – Border Gate 1,,"NO, Only the index finger is extended; the other fingers are curled into the palm."
2026-03-28 11:29:43,CLEAR,Sector Alpha – Border Gate 1,,NO. The hand is partially obscured by the finger.
2026-03-28 11:29:49,CLEAR,Sector Alpha – Border Gate 1,,NO. The person's hand is partially visible and obscured by the shirt.
2026-03-28 11:29:54,CLEAR,Sector Alpha – Border Gate 1,,"NO, only a portion of the hand is visible."
2026-03-28 11:30:02,CLEAR,Sector Alpha – Border Gate 1,,NO. The person's hand is partially visible and blurred.
2026-03-28 11:30:07,CLEAR,Sector Alpha – Border Gate 1,,"NO, the hand is partially closed and partially covering the fingers."
2026-03-28 11:30:10,CLEAR,Sector Alpha – Border Gate 1,,"NO, the hand is partially covering the fingers."
2026-03-28 11:30:13,CLEAR,Sector Alpha – Border Gate 1,,"NO, only the index finger is extended; the other fingers are curled inwards."
2026-03-28 11:30:18,CLEAR,Sector Alpha – Border Gate 1,,"NO, the hand is partially closed, obscuring part of the fingers."
2026-03-28 11:30:22,CLEAR,Sector Alpha – Border Gate 1,,NO. The person's hand is not visible in the image.
2026-03-28 11:30:26,CLEAR,Sector Alpha – Border Gate 1,,NO. The person's hand is not visible in the image.
2026-03-28 11:30:31,CLEAR,Sector Alpha – Border Gate 1,,"NO, the hand is partially raised and blurred."
2026-03-28 11:30:34,CLEAR,Sector Alpha – Border Gate 1,,"NO, the person has their hand partially obscured by their face."
2026-03-28 11:30:38,CLEAR,Sector Alpha – Border Gate 1,,NO. The person's hand is partially obscured by the bowl and spoon.
2026-03-28 11:30:42,CLEAR,Sector Alpha – Border Gate 1,,"NO, the person’s hand is partially obscured by their arm."
2026-03-28 11:30:47,CLEAR,Sector Alpha – Border Gate 1,,"NO, the person has their index finger partially covering the others."
2026-03-28 11:30:51,CLEAR,Sector Alpha – Border Gate 1,,"NO, the person's hand is partially obscured by the food container."
2026-03-28 11:30:56,CLEAR,Sector Alpha – Border Gate 1,,"NO, the person’s hand is partially obscured by the cup."
2026-03-28 11:31:02,CLEAR,Sector Alpha – Border Gate 1,,"NO, the hand is partially obscured by the cup."
2026-03-28 11:31:04,CLEAR,Sector Alpha – Border Gate 1,,"NO, only the index finger is fully extended; the other fingers are curled inwards."
2026-03-28 11:31:07,CLEAR,Sector Alpha – Border Gate 1,,NO. The person's hand is partially raised and partially obscured by the food container.
2026-03-28 11:31:12,CLEAR,Sector Alpha – Border Gate 1,,NO. The person's hand is partially visible and partially obscured by the cup.
2026-03-28 11:31:16,CLEAR,Sector Alpha – Border Gate 1,,NO. The person's hand is partially obscured by the object they are holding.
2026-03-28 11:31:20,CLEAR,Sector Alpha – Border Gate 1,,NO. The person's hand is partially visible and obscured by the bowl and spoon.
2026-03-28 11:31:28,CLEAR,Sector Alpha – Border Gate 1,,"NO. The person's hand is partially visible and blurred, making it difficult to count the exact number of fingers."
2026-03-28 11:31:32,CLEAR,Sector Alpha – Border Gate 1,,NO. The person's hand is blurred and partially out of frame.
2026-03-28 11:31:37,CLEAR,Sector Alpha – Border Gate 1,,"NO, blurry image and hand position."
2026-03-28 11:31:40,CLEAR,Sector Alpha – Border Gate 1,,NO. The person's hand is partially obscured by their arm.
2026-03-28 11:31:45,CLEAR,Sector Alpha – Border Gate 1,,NO. The person's hand is not visible in the image.
2026-03-28 11:31:48,CLEAR,Sector Alpha – Border Gate 1,,NO. The person's hand is not visible in the image.
2026-03-28 11:31:53,CLEAR,Sector Alpha – Border Gate 1,,NO. The person's hand is partially obscured by their head.
2026-03-28 11:32:00,CLEAR,Sector Alpha – Border Gate 1,,NO. The person's hand is partially obscured by their head.
2026-03-28 11:32:03,CLEAR,Sector Alpha – Border Gate 1,,NO. The person's hand is not visible in the image.
2026-03-28 11:32:07,CLEAR,Sector Alpha – Border Gate 1,,NO. The person's hand is not fully open and does not show all five fingers.
2026-03-28 11:32:12,CLEAR,Sector Alpha – Border Gate 1,,NO. The person's hand is partially obscured by their head.
2026-03-28 11:32:14,CLEAR,Sector Alpha – Border Gate 1,,NO. The person's hand is partially obscured by their head.
2026-03-28 11:32:19,CLEAR,Sector Alpha – Border Gate 1,,"NO. The person's hand is closed, not open."
2026-03-28 11:32:22,CLEAR,Sector Alpha – Border Gate 1,,NO. The person's hand is partially obscured by their head.
2026-03-28 11:32:26,CLEAR,Sector Alpha – Border Gate 1,,NO. The person's hand is partially visible and cropped out of the frame.
2026-03-28 11:32:31,CLEAR,Sector Alpha – Border Gate 1,,NO. The person's hand is partially obscured by their head.
2026-03-28 11:32:34,CLEAR,Sector Alpha – Border Gate 1,,NO. The person's hand is partially visible and does not show all five fingers.
2026-03-28 11:32:38,CLEAR,Sector Alpha – Border Gate 1,,"NO, the person’s hand is partially obscured by their phone."
2026-03-28 11:32:45,CLEAR,Sector Alpha – Border Gate 1,,"NO, only the index finger is fully visible; the other fingers are partially obscured."
2026-03-28 11:32:47,CLEAR,Sector Alpha – Border Gate 1,,"NO, the person’s hand is partially obscured by the phone."
2026-03-28 11:32:52,CLEAR,Sector Alpha – Border Gate 1,,NO. The person's hand is partially obscured by the phone.
2026-03-28 11:32:55,CLEAR,Sector Alpha – Border Gate 1,,NO. The person's hand is partially obscured by the phone.
2026-03-28 11:32:59,CLEAR,Sector Alpha – Border Gate 1,,NO. The person's hand is partially obscured by the phone.
2026-03-28 11:33:03,CLEAR,Sector Alpha – Border Gate 1,,NO. The person's hand is partially obscured by their fingers.
2026-03-28 11:33:07,CLEAR,Sector Alpha – Border Gate 1,,"NO, only the index finger of the person's left hand is fully visible; the other fingers are partially obscured by the phone."
2026-03-31 15:31:06,CLEAR,Sector Alpha – Border Gate 1,,"NO. There is no human, weapon, or unusual movement visible in the image."
2026-03-31 15:31:09,CLEAR,Sector Alpha – Border Gate 1,,"NO. The image does not depict any person, weapon, or unusual movement that would indicate human or suspicious activity in a restricted border area."
2026-03-31 15:31:12,CLEAR,Sector Alpha – Border Gate 1,,"NO. The image does not depict any person, weapon, or unusual movement that would indicate human or suspicious activity in a restricted border area."
2026-03-31 15:31:18,CLEAR,Sector Alpha – Border Gate 1,,"NO. There is no person, weapon, or unusual movement visible in the image."
2026-03-31 15:31:21,CLEAR,Sector Alpha – Border Gate 1,,"NO. The image does not depict any person, weapon, or unusual movement that would indicate human or suspicious activity in a restricted border area."
2026-03-31 15:31:25,CLEAR,Sector Alpha – Border Gate 1,,"NO. There is no person, weapon, or unusual movement visible in the image."
2026-03-31 15:31:29,CLEAR,Sector Alpha – Border Gate 1,,"NO. There is no person, weapon, or unusual movement present."
2026-03-31 15:31:35,CLEAR,Sector Alpha – Border Gate 1,,"NO. There is no person, weapon, or unusual movement present."
2026-03-31 15:31:37,CLEAR,Sector Alpha – Border Gate 1,,"NO. There is no person, weapon, or unusual movement visible in the image."
2026-03-31 15:31:41,CLEAR,Sector Alpha – Border Gate 1,,"NO. The image does not depict any person, weapon, or unusual movement that would indicate human or suspicious activity in a restricted border area."
2026-03-31 15:31:45,CLEAR,Sector Alpha – Border Gate 1,,"NO. There is no person, weapon, or unusual movement present."
2026-03-31 15:31:49,CLEAR,Sector Alpha – Border Gate 1,,"NO. There is no person, weapon, or unusual movement visible in the image."
2026-03-31 15:31:53,CLEAR,Sector Alpha – Border Gate 1,,"NO. There is no person, weapon, or unusual movement in the image."
2026-03-31 15:31:57,CLEAR,Sector Alpha – Border Gate 1,,"NO. There is no person, weapon, or unusual movement visible in the image."
2026-03-31 15:34:39,CLEAR,Sector Alpha – Border Gate 1,,"NO. The image is entirely black and contains no visible human, weapon, or unusual movement."
2026-03-31 15:34:42,CLEAR,Sector Alpha – Border Gate 1,,"NO. The image does not depict any person, weapon, or unusual movement that would indicate human or suspicious activity in a restricted border area."
2026-03-31 15:34:46,CLEAR,Sector Alpha – Border Gate 1,,"NO. There is no person, weapon, or unusual movement in the image."
2026-03-31 15:34:50,CLEAR,Sector Alpha – Border Gate 1,,"NO. There is no person, weapon, or unusual movement visible in the image."
2026-03-31 15:34:54,CLEAR,Sector Alpha – Border Gate 1,,"NO. The image does not depict any person, weapon, or unusual movement that would indicate human or suspicious activity in a restricted border area."
2026-03-31 15:34:58,CLEAR,Sector Alpha – Border Gate 1,,"NO. There is no person, weapon, or unusual movement visible in the image."
2026-03-31 15:35:02,CLEAR,Sector Alpha – Border Gate 1,,"NO. There is no person, weapon, or unusual movement in the image."
2026-03-31 15:35:07,CLEAR,Sector Alpha – Border Gate 1,,"NO. There is no person, weapon, or unusual movement visible in the image."
2026-03-31 15:35:10,CLEAR,Sector Alpha – Border Gate 1,,"NO. There is no person, weapon, or unusual movement in the image."
2026-03-31 15:35:14,CLEAR,Sector Alpha – Border Gate 1,,"NO. There is no person, weapon, or unusual movement visible in the image."
2026-03-31 15:35:18,CLEAR,Sector Alpha – Border Gate 1,,"NO. There is no person, weapon, or unusual movement visible in the image."
2026-03-31 15:43:03,CLEAR,Sector Alpha – Border Gate 1,,NO. There is no human or suspicious activity in the image.
2026-03-31 15:43:05,CLEAR,Sector Alpha – Border Gate 1,,"NO. There is no person, weapon, or unusual movement in the image."
2026-03-31 15:43:10,CLEAR,Sector Alpha – Border Gate 1,,"NO. The image does not depict any person, weapon, or unusual movement that would indicate human or suspicious activity in a restricted border area."
2026-03-31 15:43:14,CLEAR,Sector Alpha – Border Gate 1,,"NO. There is no person, weapon, or unusual movement in the image."
2026-03-31 15:43:17,CLEAR,Sector Alpha – Border Gate 1,,"NO. There is no person, weapon, or unusual movement visible in the image."
2026-03-31 15:43:22,CLEAR,Sector Alpha – Border Gate 1,,"NO. The image does not depict any person, weapon, or unusual movement that would indicate human or suspicious activity in a restricted border area."
2026-03-31 15:43:26,CLEAR,Sector Alpha – Border Gate 1,,"NO. The image does not depict any person, weapon, or unusual movement that would indicate human or suspicious activity in a restricted border area."
2026-03-31 15:43:30,CLEAR,Sector Alpha – Border Gate 1,,"NO. There is no person, weapon, or unusual movement present. The image shows a white camera icon with a slash, indicating no photography or restricted access."
2026-03-31 15:43:34,CLEAR,Sector Alpha – Border Gate 1,,"NO. There is no person, weapon, or unusual movement visible in the image."
2026-03-31 15:43:38,CLEAR,Sector Alpha – Border Gate 1,,"NO. There is no human, weapon, or unusual movement visible in the image."
2026-03-31 15:43:42,CLEAR,Sector Alpha – Border Gate 1,,"NO. There is no person, weapon, or unusual movement present."
2026-03-31 15:43:46,CLEAR,Sector Alpha – Border Gate 1,,"NO. The image does not depict any person, weapon, or unusual movement that would indicate human or suspicious activity in a restricted border area."
2026-03-31 15:43:50,CLEAR,Sector Alpha – Border Gate 1,,"NO. The image does not depict any person, weapon, or unusual movement that would indicate human or suspicious activity in a restricted border area."
2026-03-31 15:43:54,CLEAR,Sector Alpha – Border Gate 1,,"NO. There is no person, weapon, or unusual movement in the image."
2026-03-31 15:43:58,CLEAR,Sector Alpha – Border Gate 1,,"NO. The image does not depict any person, weapon, or unusual movement that would indicate human or suspicious activity in a restricted border area."
2026-03-31 16:08:00,CLEAR,Sector Alpha – Border Gate 1,,NO. There is no human or suspicious activity visible in the image.
2026-03-31 16:08:02,CLEAR,Sector Alpha – Border Gate 1,,"NO. The image does not depict any person, weapon, or unusual movement that would indicate human or suspicious activity in a restricted border area."
2026-03-31 16:08:06,CLEAR,Sector Alpha – Border Gate 1,,"NO. There is no person, weapon, or unusual movement present. The image shows a camera icon indicating photography restrictions."
2026-03-31 16:08:10,CLEAR,Sector Alpha – Border Gate 1,,"NO. There is no person, weapon, or unusual movement present. The image shows a camera icon indicating photography restrictions."
2026-03-31 16:08:14,CLEAR,Sector Alpha – Border Gate 1,,"NO. There is no person, weapon, or unusual movement visible in the image."
2026-03-31 16:08:18,CLEAR,Sector Alpha – Border Gate 1,,"NO. The image does not depict any person, weapon, or unusual movement that would indicate human or suspicious activity in a restricted border area."
2026-03-31 16:08:22,CLEAR,Sector Alpha – Border Gate 1,,"NO. There is no person, weapon, or unusual movement visible in the image."
2026-03-31 16:08:26,CLEAR,Sector Alpha – Border Gate 1,,"NO. There is no person, weapon, or unusual movement visible in the image."
2026-03-31 16:08:31,CLEAR,Sector Alpha – Border Gate 1,,"NO. There is no human, weapon, or unusual movement visible in the image."
2026-03-31 16:08:35,CLEAR,Sector Alpha – Border Gate 1,,"NO. The image does not depict any person, weapon, or unusual movement that would indicate human or suspicious activity in a restricted border area."
2026-03-31 16:08:38,CLEAR,Sector Alpha – Border Gate 1,,"NO. There is no person, weapon, or unusual movement visible in the image."
2026-03-31 16:08:42,CLEAR,Sector Alpha – Border Gate 1,,"NO. There is no person, weapon, or unusual movement present."
2026-03-31 16:08:47,CLEAR,Sector Alpha – Border Gate 1,,"NO. There is no person, weapon, or unusual movement in the image."
2026-03-31 16:08:51,CLEAR,Sector Alpha – Border Gate 1,,"NO. There is no human, weapon, or unusual movement visible in the image."
2026-03-31 16:08:55,CLEAR,Sector Alpha – Border Gate 1,,"NO. The image does not depict any person, weapon, or unusual movement that would indicate human or suspicious activity in a restricted border area."
2026-03-31 16:08:59,CLEAR,Sector Alpha – Border Gate 1,,"NO. The image does not depict any person, weapon, or unusual movement that would indicate human or suspicious activity in a restricted border area."
2026-03-31 16:09:04,CLEAR,Sector Alpha – Border Gate 1,,"NO. There is no person, weapon, or unusual movement present."
2026-03-31 16:09:07,CLEAR,Sector Alpha – Border Gate 1,,"NO. There is no person, weapon, or unusual movement present."
2026-03-31 16:09:11,CLEAR,Sector Alpha – Border Gate 1,,"NO. The image does not depict any person, weapon, or unusual movement that would indicate human or suspicious activity in a restricted border area."
2026-03-31 16:09:15,CLEAR,Sector Alpha – Border Gate 1,,"NO. There is no human, weapon, or unusual movement present."
2026-03-31 16:09:19,CLEAR,Sector Alpha – Border Gate 1,,"NO. There is no person, weapon, or unusual movement visible in the image."
2026-03-31 16:09:23,CLEAR,Sector Alpha – Border Gate 1,,"NO. The image does not depict any person, weapon, or unusual movement that would indicate human or suspicious activity in a restricted border area."
2026-03-31 16:09:27,CLEAR,Sector Alpha – Border Gate 1,,"NO. There is no human, weapon, or unusual movement visible in the image."
2026-03-31 16:09:31,CLEAR,Sector Alpha – Border Gate 1,,"NO. There is no person, weapon, or unusual movement visible in the image."
2026-03-31 16:09:35,CLEAR,Sector Alpha – Border Gate 1,,"NO. The image does not depict any person, weapon, or unusual movement that would indicate human or suspicious activity in a restricted border area."
2026-03-31 16:09:39,CLEAR,Sector Alpha – Border Gate 1,,"NO. There is no person, weapon, or unusual movement visible in the image."
2026-03-31 16:09:43,CLEAR,Sector Alpha – Border Gate 1,,"NO. There is no person, weapon, or unusual movement present."
2026-03-31 16:09:47,CLEAR,Sector Alpha – Border Gate 1,,"NO. The image does not depict any person, weapon, or unusual movement that would indicate human or suspicious activity in a restricted border area."
2026-03-31 16:09:51,CLEAR,Sector Alpha – Border Gate 1,,"NO. The image does not depict any person, weapon, or unusual movement that would indicate human or suspicious activity in a restricted border area."
2026-03-31 16:09:55,CLEAR,Sector Alpha – Border Gate 1,,"NO. There is no person, weapon, or unusual movement visible in the image."
2026-03-31 16:09:59,CLEAR,Sector Alpha – Border Gate 1,,"NO. There is no person, weapon, or unusual movement visible in the image."
2026-03-31 16:10:03,CLEAR,Sector Alpha – Border Gate 1,,"NO. There is no person, weapon, or unusual movement present."
2026-03-31 16:10:07,CLEAR,Sector Alpha – Border Gate 1,,"NO. The image does not depict any person, weapon, or unusual movement that would indicate human or suspicious activity in a restricted border area."
2026-03-31 16:10:11,CLEAR,Sector Alpha – Border Gate 1,,"NO. There is no person, weapon, or unusual movement visible in the image."
2026-03-31 16:10:15,CLEAR,Sector Alpha – Border Gate 1,,"NO. There is no person, weapon, or unusual movement visible in the image."
2026-03-31 16:10:20,CLEAR,Sector Alpha – Border Gate 1,,"NO. There is no person, weapon, or unusual movement visible in the image."
2026-03-31 16:10:23,CLEAR,Sector Alpha – Border Gate 1,,"NO. There is no person, weapon, or unusual movement present."
2026-03-31 16:10:27,CLEAR,Sector Alpha – Border Gate 1,,"NO. There is no person, weapon, or unusual movement visible in the image."
2026-03-31 16:10:31,CLEAR,Sector Alpha – Border Gate 1,,"NO. There is no human, weapon, or unusual movement visible in the image."
2026-03-31 16:10:35,CLEAR,Sector Alpha – Border Gate 1,,"NO. There is no person, weapon, or unusual movement present."
2026-03-31 16:10:39,CLEAR,Sector Alpha – Border Gate 1,,"NO. There is no person, weapon, or unusual movement in the image."
2026-03-31 16:10:43,CLEAR,Sector Alpha – Border Gate 1,,"NO. There is no person, weapon, or unusual movement present."
2026-03-31 16:10:47,CLEAR,Sector Alpha – Border Gate 1,,"NO. There is no person, weapon, or unusual movement present."
2026-03-31 16:10:51,CLEAR,Sector Alpha – Border Gate 1,,"NO. There is no person, weapon, or unusual movement visible in the image."
2026-03-31 16:10:55,CLEAR,Sector Alpha – Border Gate 1,,"NO. There is no person, weapon, or unusual movement in the image."
2026-03-31 16:10:59,CLEAR,Sector Alpha – Border Gate 1,,"NO. There is no person, weapon, or unusual movement in the image."
2026-03-31 16:11:03,CLEAR,Sector Alpha – Border Gate 1,,"NO. There is no person, weapon, or unusual movement present. The image shows a white camera icon with a slash across it, indicating no restrictions."
2026-03-31 16:11:07,CLEAR,Sector Alpha – Border Gate 1,,"NO. There is no person, weapon, or unusual movement visible in the image."
2026-03-31 16:11:11,CLEAR,Sector Alpha – Border Gate 1,,"NO. There is no human, weapon, or unusual movement present. The image is just a camera icon on a black background."
2026-03-31 16:11:15,CLEAR,Sector Alpha – Border Gate 1,,"NO. There is no person, weapon, or unusual movement in the image."
2026-03-31 16:11:19,CLEAR,Sector Alpha – Border Gate 1,,"NO. There is no person, weapon, or unusual movement present."
2026-03-31 16:11:24,CLEAR,Sector Alpha – Border Gate 1,,"NO. There is no person, weapon, or unusual movement visible in the image."
2026-03-31 17:02:57,CLEAR,Sector Alpha – Border Gate 1,,NO. There is no human or suspicious activity in the image.
2026-03-31 17:03:00,CLEAR,Sector Alpha – Border Gate 1,,"NO. There is no person, weapon, or unusual movement in the image."
2026-03-31 17:03:03,CLEAR,Sector Alpha – Border Gate 1,,"NO. There is no person, weapon, or unusual movement present."
2026-03-31 17:03:08,CLEAR,Sector Alpha – Border Gate 1,,"NO. The image does not depict any person, weapon, or unusual movement that would indicate human or suspicious activity in a restricted border area."
2026-03-31 17:03:11,CLEAR,Sector Alpha – Border Gate 1,,"NO. There is no person, weapon, or unusual movement present. The image shows a white camera icon with a slash, indicating no photography or restricted access."
2026-03-31 17:03:15,CLEAR,Sector Alpha – Border Gate 1,,"NO. The image does not depict any person, weapon, or unusual movement that would indicate human or suspicious activity in a restricted border area."
2026-03-31 17:03:20,CLEAR,Sector Alpha – Border Gate 1,,"NO. There is no person, weapon, or unusual movement visible in the image."
2026-03-31 17:03:24,CLEAR,Sector Alpha – Border Gate 1,,"NO. The image does not depict any person, weapon, or unusual movement that would indicate human or suspicious activity in a restricted border area."
2026-03-31 17:03:28,CLEAR,Sector Alpha – Border Gate 1,,"NO. There is no person, weapon, or unusual movement present."
2026-03-31 17:03:32,CLEAR,Sector Alpha – Border Gate 1,,"NO. There is no person, weapon, or unusual movement present."
2026-03-31 17:03:36,CLEAR,Sector Alpha – Border Gate 1,,"NO. The image does not depict any person, weapon, or unusual movement that would indicate human or suspicious activity in a restricted border area."
2026-03-31 17:03:40,CLEAR,Sector Alpha – Border Gate 1,,"NO. The image does not depict any person, weapon, or unusual movement that would indicate human or suspicious activity in a restricted border area."
2026-03-31 17:03:44,CLEAR,Sector Alpha – Border Gate 1,,"NO. There is no person, weapon, or unusual movement visible in the image."
2026-03-31 17:03:48,CLEAR,Sector Alpha – Border Gate 1,,"NO. There is no person, weapon, or unusual movement visible in the image."
2026-03-31 17:03:52,CLEAR,Sector Alpha – Border Gate 1,,"NO. There is no person, weapon, or unusual movement in the image."
2026-03-31 17:03:57,CLEAR,Sector Alpha – Border Gate 1,,"NO. There is no person, weapon, or unusual movement in the image."
2026-03-31 17:04:00,CLEAR,Sector Alpha – Border Gate 1,,"NO. The image does not depict any person, weapon, or unusual movement that would indicate human or suspicious activity in a restricted border area."
2026-03-31 17:04:04,CLEAR,Sector Alpha – Border Gate 1,,"NO. The image does not depict any person, weapon, or unusual movement that would indicate human or suspicious activity in a restricted border area."
2026-03-31 17:04:08,CLEAR,Sector Alpha – Border Gate 1,,"NO. There is no person, weapon, or unusual movement present."
2026-03-31 17:04:12,CLEAR,Sector Alpha – Border Gate 1,,"NO. There is no human, weapon, or unusual movement present. The image shows a white camera icon with a slash, indicating no photography or restricted access."
2026-03-31 17:04:16,CLEAR,Sector Alpha – Border Gate 1,,"NO. There is no person, weapon, or unusual movement present. The image shows a camera icon indicating photography, not a restricted border area."
2026-03-31 17:04:20,CLEAR,Sector Alpha – Border Gate 1,,"NO. There is no human, weapon, or unusual movement present."
2026-03-31 17:04:24,CLEAR,Sector Alpha – Border Gate 1,,"NO. The image does not depict any person, weapon, or unusual movement that would indicate human or suspicious activity in a restricted border area."
2026-03-31 17:04:28,CLEAR,Sector Alpha – Border Gate 1,,"NO. There is no person, weapon, or unusual movement visible in the image."
2026-03-31 17:04:32,CLEAR,Sector Alpha – Border Gate 1,,"NO. There is no person, weapon, or unusual movement visible in the image."
2026-03-31 17:04:36,CLEAR,Sector Alpha – Border Gate 1,,"NO. The image does not depict any person, weapon, or unusual movement that would indicate human or suspicious activity in a restricted border area."
2026-03-31 17:04:40,CLEAR,Sector Alpha – Border Gate 1,,"NO. There is no person, weapon, or unusual movement present."
2026-03-31 17:04:45,CLEAR,Sector Alpha – Border Gate 1,,"NO. There is no person, weapon, or unusual movement in the image."
2026-03-31 17:04:48,CLEAR,Sector Alpha – Border Gate 1,,"NO. The image does not depict any person, weapon, or unusual movement that would indicate human or suspicious activity in a restricted border area."
2026-03-31 17:04:52,CLEAR,Sector Alpha – Border Gate 1,,"NO. The image does not depict any person, weapon, or unusual movement that would indicate human or suspicious activity in a restricted border area."
2026-03-31 17:04:56,CLEAR,Sector Alpha – Border Gate 1,,"NO. The image does not depict any person, weapon, or unusual movement that would indicate human or suspicious activity in a restricted border area."
2026-03-31 17:05:00,CLEAR,Sector Alpha – Border Gate 1,,"NO. There is no person, weapon, or unusual movement present."
2026-03-31 17:05:04,CLEAR,Sector Alpha – Border Gate 1,,"NO. The image does not depict any person, weapon, or unusual movement that would indicate human or suspicious activity in a restricted border area."
2026-03-31 17:05:09,CLEAR,Sector Alpha – Border Gate 1,,"NO. There is no human, weapon, or unusual movement visible in the image."
2026-03-31 17:05:12,CLEAR,Sector Alpha – Border Gate 1,,"NO. There is no person, weapon, or unusual movement present."
2026-03-31 17:05:17,CLEAR,Sector Alpha – Border Gate 1,,"NO. There is no person, weapon, or unusual movement visible in the image."
2026-03-31 17:05:20,CLEAR,Sector Alpha – Border Gate 1,,"NO. There is no person, weapon, or unusual movement present."
2026-03-31 17:05:24,CLEAR,Sector Alpha – Border Gate 1,,"NO. There is no human, weapon, or unusual movement present."
2026-03-31 17:05:29,CLEAR,Sector Alpha – Border Gate 1,,"NO. There is no person, weapon, or unusual movement visible in the image."
2026-03-31 17:05:32,CLEAR,Sector Alpha – Border Gate 1,,"NO. There is no person, weapon, or unusual movement visible in the image."
2026-03-31 17:05:37,CLEAR,Sector Alpha – Border Gate 1,,"NO. There is no person, weapon, or unusual movement visible in the image."
2026-03-31 17:05:41,CLEAR,Sector Alpha – Border Gate 1,,"NO. There is no person, weapon, or unusual movement visible in the image."
2026-03-31 17:05:45,CLEAR,Sector Alpha – Border Gate 1,,"NO. There is no person, weapon, or unusual movement in the image."
2026-03-31 17:05:49,CLEAR,Sector Alpha – Border Gate 1,,"NO. There is no person, weapon, or unusual movement in the image."
2026-03-31 17:05:53,CLEAR,Sector Alpha – Border Gate 1,,"NO. There is no person, weapon, or unusual movement visible in the image."
2026-03-31 17:05:57,CLEAR,Sector Alpha – Border Gate 1,,"NO. The image does not depict any person, weapon, or unusual movement that would indicate human or suspicious activity in a restricted border area."
2026-03-31 17:06:01,CLEAR,Sector Alpha – Border Gate 1,,"NO. The image does not depict any person, weapon, or unusual movement that would indicate human or suspicious activity in a restricted border area."
2026-03-31 17:06:05,CLEAR,Sector Alpha – Border Gate 1,,"NO. The image does not depict any person, weapon, or unusual movement that would indicate human or suspicious activity in a restricted border area."
2026-03-31 17:06:09,CLEAR,Sector Alpha – Border Gate 1,,"NO. The image does not depict any person, weapon, or unusual movement that would indicate human or suspicious activity in a restricted border area."
2026-03-31 17:06:13,CLEAR,Sector Alpha – Border Gate 1,,"NO. There is no human, weapon, or unusual movement visible in the image."
2026-03-31 17:06:17,CLEAR,Sector Alpha – Border Gate 1,,"NO. The image does not depict any person, weapon, or unusual movement that would indicate human or suspicious activity in a restricted border area."
2026-03-31 17:06:22,CLEAR,Sector Alpha – Border Gate 1,,"NO. The image does not depict any person, weapon, or unusual movement that would indicate human or suspicious activity in a restricted border area."
2026-03-31 17:06:25,CLEAR,Sector Alpha – Border Gate 1,,"NO. There is no person, weapon, or unusual movement present. The image shows a white camera icon with a slash, indicating no photography or restricted access."
2026-03-31 17:06:29,CLEAR,Sector Alpha – Border Gate 1,,"NO. There is no person, weapon, or unusual movement in the image."
2026-03-31 17:06:33,CLEAR,Sector Alpha – Border Gate 1,,"NO. There is no person, weapon, or unusual movement present."
2026-03-31 17:06:37,CLEAR,Sector Alpha – Border Gate 1,,"NO. There is no person, weapon, or unusual movement present."
2026-03-31 17:06:41,CLEAR,Sector Alpha – Border Gate 1,,"NO. There is no person, weapon, or unusual movement in the image."
2026-03-31 17:06:46,CLEAR,Sector Alpha – Border Gate 1,,"NO. There is no person, weapon, or unusual movement visible in the image."
2026-03-31 17:06:49,CLEAR,Sector Alpha – Border Gate 1,,"NO. There is no person, weapon, or unusual movement visible in the image."
2026-03-31 17:06:53,CLEAR,Sector Alpha – Border Gate 1,,"NO. There is no person, weapon, or unusual movement visible in the image."
2026-03-31 17:06:57,CLEAR,Sector Alpha – Border Gate 1,,"NO. There is no person, weapon, or unusual movement visible in the image."
2026-03-31 17:07:01,CLEAR,Sector Alpha – Border Gate 1,,"NO. There is no person, weapon, or unusual movement visible in the image."
2026-03-31 17:07:05,CLEAR,Sector Alpha – Border Gate 1,,"NO. There is no person, weapon, or unusual movement present."
2026-03-31 17:13:00,CLEAR,Sector Alpha – Border Gate 1,,NO. There is no human or suspicious activity in the image.
2026-03-31 17:13:03,CLEAR,Sector Alpha – Border Gate 1,,"NO. The image does not depict any person, weapon, or unusual movement that would indicate human or suspicious activity in a restricted border area."
2026-03-31 17:13:07,CLEAR,Sector Alpha – Border Gate 1,,"NO. There is no person, weapon, or unusual movement present."
2026-03-31 17:13:11,CLEAR,Sector Alpha – Border Gate 1,,"NO. There is no person, weapon, or unusual movement visible in the image."
2026-03-31 17:13:15,CLEAR,Sector Alpha – Border Gate 1,,"NO. The image does not depict any person, weapon, or unusual movement that would indicate human or suspicious activity in a restricted border area."
2026-03-31 17:13:19,CLEAR,Sector Alpha – Border Gate 1,,"NO. There is no person, weapon, or unusual movement visible in the image."
2026-03-31 17:13:23,CLEAR,Sector Alpha – Border Gate 1,,"NO. The image does not depict any person, weapon, or unusual movement that would indicate human or suspicious activity in a restricted border area."
2026-03-31 17:13:27,CLEAR,Sector Alpha – Border Gate 1,,"NO. The image does not depict any person, weapon, or unusual movement that would indicate human or suspicious activity in a restricted border area."
2026-03-31 17:13:31,CLEAR,Sector Alpha – Border Gate 1,,"NO. The image does not depict any person, weapon, or unusual movement that would indicate human or suspicious activity in a restricted border area."
2026-03-31 17:13:35,CLEAR,Sector Alpha – Border Gate 1,,"NO. The image does not depict any person, weapon, or unusual movement that would indicate human or suspicious activity in a restricted border area."
2026-03-31 17:13:39,CLEAR,Sector Alpha – Border Gate 1,,"NO. There is no person, weapon, or unusual movement visible in the image."
2026-03-31 17:13:43,CLEAR,Sector Alpha – Border Gate 1,,"NO. There is no person, weapon, or unusual movement present."
2026-03-31 17:13:47,CLEAR,Sector Alpha – Border Gate 1,,"NO. There is no person, weapon, or unusual movement present."
2026-03-31 17:25:39,CLEAR,Sector Alpha – Border Gate 1,,NO. There is no human or suspicious activity visible in the image.
2026-03-31 17:25:41,CLEAR,Sector Alpha – Border Gate 1,,"NO. There is no person, weapon, or unusual movement in the image."
2026-03-31 17:25:47,CLEAR,Sector Alpha – Border Gate 1,,"NO. The image does not depict any person, weapon, or unusual movement that would indicate human or suspicious activity in a restricted border area."
2026-03-31 17:25:49,CLEAR,Sector Alpha – Border Gate 1,,"NO. There is no person, weapon, or unusual movement visible in the image."
2026-03-31 17:25:54,CLEAR,Sector Alpha – Border Gate 1,,"NO. The image does not depict any person, weapon, or unusual movement that would indicate human or suspicious activity in a restricted border area."
2026-03-31 17:25:57,CLEAR,Sector Alpha – Border Gate 1,,"NO. There is no person, weapon, or unusual movement visible in the image."
2026-03-31 17:26:02,CLEAR,Sector Alpha – Border Gate 1,,"NO. The image does not depict any person, weapon, or unusual movement that would indicate human or suspicious activity in a restricted border area."
2026-03-31 17:26:06,CLEAR,Sector Alpha – Border Gate 1,,"NO. There is no person, weapon, or unusual movement present."
2026-03-31 17:26:11,CLEAR,Sector Alpha – Border Gate 1,,"NO. There is no person, weapon, or unusual movement present."
2026-03-31 17:26:14,CLEAR,Sector Alpha – Border Gate 1,,"NO. There is no person, weapon, or unusual movement in the image."
2026-03-31 17:26:18,CLEAR,Sector Alpha – Border Gate 1,,"NO. There is no person, weapon, or unusual movement visible in the image."
2026-03-31 17:26:23,CLEAR,Sector Alpha – Border Gate 1,,"NO. The image does not depict any person, weapon, or unusual movement that would indicate human or suspicious activity in a restricted border area."
2026-03-31 17:26:26,CLEAR,Sector Alpha – Border Gate 1,,"NO. The image does not depict any person, weapon, or unusual movement that would indicate human or suspicious activity in a restricted border area."
2026-03-31 17:26:32,CLEAR,Sector Alpha – Border Gate 1,,"NO. There is no person, weapon, or unusual movement present."
2026-03-31 17:26:34,CLEAR,Sector Alpha – Border Gate 1,,"NO. There is no person, weapon, or unusual movement present."
2026-03-31 17:26:38,CLEAR,Sector Alpha – Border Gate 1,,"NO. There is no person, weapon, or unusual movement visible in the image."
2026-03-31 17:26:42,CLEAR,Sector Alpha – Border Gate 1,,"NO. The image does not depict any person, weapon, or unusual movement that would indicate human or suspicious activity in a restricted border area."
2026-03-31 17:26:47,CLEAR,Sector Alpha – Border Gate 1,,"NO. The image does not depict any person, weapon, or unusual movement that would indicate human or suspicious activity in a restricted border area."
2026-03-31 17:26:50,CLEAR,Sector Alpha – Border Gate 1,,"NO. There is no person, weapon, or unusual movement visible in the image."
2026-03-31 17:26:54,CLEAR,Sector Alpha – Border Gate 1,,"NO. There is no person, weapon, or unusual movement in the image."
2026-03-31 17:35:22,CLEAR,Sector Alpha – Border Gate 1,,NO. There is no human or suspicious activity in the image.
2026-03-31 17:35:25,CLEAR,Sector Alpha – Border Gate 1,,"NO. There is no human, weapon, or unusual movement present."
2026-03-31 17:35:29,CLEAR,Sector Alpha – Border Gate 1,,"NO. The image does not depict any person, weapon, or unusual movement that would indicate human or suspicious activity in a restricted border area."
2026-03-31 17:35:33,CLEAR,Sector Alpha – Border Gate 1,,"NO. There is no person, weapon, or unusual movement in the image."
2026-03-31 17:35:37,CLEAR,Sector Alpha – Border Gate 1,,"NO. The image does not depict any person, weapon, or unusual movement that would indicate human or suspicious activity in a restricted border area."
2026-03-31 17:35:41,CLEAR,Sector Alpha – Border Gate 1,,"NO. The image does not depict any person, weapon, or unusual movement that would indicate human or suspicious activity in a restricted border area."
2026-03-31 17:35:45,CLEAR,Sector Alpha – Border Gate 1,,"NO. There is no person, weapon, or unusual movement present."
2026-03-31 17:35:49,CLEAR,Sector Alpha – Border Gate 1,,"NO. There is no person, weapon, or unusual movement present."
2026-03-31 17:35:53,CLEAR,Sector Alpha – Border Gate 1,,"NO. The image does not depict any person, weapon, or unusual movement that would indicate human or suspicious activity in a restricted border area."
2026-03-31 17:35:57,CLEAR,Sector Alpha – Border Gate 1,,"NO. There is no person, weapon, or unusual movement visible in the image."
2026-03-31 17:36:01,CLEAR,Sector Alpha – Border Gate 1,,"NO. There is no person, weapon, or unusual movement in the image."
2026-03-31 17:36:05,CLEAR,Sector Alpha – Border Gate 1,,"NO. There is no person, weapon, or unusual movement visible in the image."
2026-03-31 17:36:10,CLEAR,Sector Alpha – Border Gate 1,,"NO. The image does not depict any person, weapon, or unusual movement that would indicate human or suspicious activity in a restricted border area."
2026-03-31 17:36:13,CLEAR,Sector Alpha – Border Gate 1,,"NO. The image does not depict any person, weapon, or unusual movement that would indicate human or suspicious activity in a restricted border area."
2026-03-31 17:36:17,CLEAR,Sector Alpha – Border Gate 1,,"NO. There is no person, weapon, or unusual movement visible in the image."
2026-03-31 17:36:22,CLEAR,Sector Alpha – Border Gate 1,,"NO. There is no person, weapon, or unusual movement visible in the image."
2026-03-31 17:36:26,CLEAR,Sector Alpha – Border Gate 1,,"NO. There is no person, weapon, or unusual movement visible in the image."
2026-03-31 17:36:30,CLEAR,Sector Alpha – Border Gate 1,,"NO. There is no visible person, weapon, or unusual movement in the image."
2026-03-31 17:36:34,CLEAR,Sector Alpha – Border Gate 1,,"NO. There is no person, weapon, or unusual movement visible in the image."
2026-03-31 17:36:37,CLEAR,Sector Alpha – Border Gate 1,,"NO. There is no human, weapon, or unusual movement visible in the image."
2026-03-31 17:36:42,CLEAR,Sector Alpha – Border Gate 1,,"NO. There is no visible person, weapon, or unusual movement in the image."
2026-03-31 17:36:47,CLEAR,Sector Alpha – Border Gate 1,,"NO. There is no visible person, weapon, or unusual movement in the image that would indicate a restricted border area."
2026-03-31 17:36:51,CLEAR,Sector Alpha – Border Gate 1,,"NO. There is no person, weapon, or unusual movement visible in the image."
2026-03-31 17:36:54,CLEAR,Sector Alpha – Border Gate 1,,"NO. There is no person, weapon, or unusual movement visible in the image."
2026-03-31 17:36:58,CLEAR,Sector Alpha – Border Gate 1,,"NO. There is no visible person, weapon, or unusual movement in the image."
2026-03-31 17:37:02,CLEAR,Sector Alpha – Border Gate 1,,"NO. There is no visible person, weapon, or unusual movement in the image."
2026-03-31 17:37:06,CLEAR,Sector Alpha – Border Gate 1,,"NO. There is no visible person, weapon, or unusual movement in the image."
2026-03-31 17:37:10,CLEAR,Sector Alpha – Border Gate 1,,"NO. There is no visible person, weapon, or unusual movement in the image that would indicate a restricted border area."
2026-03-31 17:37:14,CLEAR,Sector Alpha – Border Gate 1,,"NO. There is no visible person, weapon, or unusual movement in the image that would indicate a restricted border area."
2026-03-31 17:37:22,CLEAR,Sector Alpha – Border Gate 1,,"NO. There is no person, weapon, or unusual movement visible in the image."
2026-03-31 17:37:23,CLEAR,Sector Alpha – Border Gate 1,,"NO. There is no person, weapon, or unusual movement visible in the image."
2026-03-31 17:37:28,CLEAR,Sector Alpha – Border Gate 1,,"NO. There is no person, weapon, or unusual movement visible in the image."
2026-03-31 17:37:32,CLEAR,Sector Alpha – Border Gate 1,,"NO. There is no visible person, weapon, or unusual movement in the image."
2026-03-31 17:37:36,CLEAR,Sector Alpha – Border Gate 1,,"NO. There is no person, weapon, or unusual movement visible in the image."
2026-03-31 17:37:40,CLEAR,Sector Alpha – Border Gate 1,,"NO. There is no person, weapon, or unusual movement visible in the image."
2026-03-31 17:37:44,CLEAR,Sector Alpha – Border Gate 1,,"NO. There is no person, weapon, or unusual movement visible in the image."
2026-03-31 17:37:49,CLEAR,Sector Alpha – Border Gate 1,,"NO. There is no person, weapon, or unusual movement visible in the image."
2026-03-31 17:37:52,CLEAR,Sector Alpha – Border Gate 1,,"NO. There is no visible person, weapon, or unusual movement in the image."
2026-03-31 17:37:55,CLEAR,Sector Alpha – Border Gate 1,,"NO. There is no visible person, weapon, or unusual movement in the image."
2026-03-31 17:38:00,CLEAR,Sector Alpha – Border Gate 1,,"NO. There is no visible person, weapon, or unusual movement in the image."
2026-03-31 17:38:04,CLEAR,Sector Alpha – Border Gate 1,,"NO. There is no person, weapon, or unusual movement visible in the image."
2026-03-31 17:38:07,CLEAR,Sector Alpha – Border Gate 1,,"NO. There is no person, weapon, or unusual movement visible in the image."
2026-03-31 17:38:12,CLEAR,Sector Alpha – Border Gate 1,,"NO. There is no visible person, weapon, or unusual movement in the image."
2026-03-31 17:38:16,CLEAR,Sector Alpha – Border Gate 1,,"NO. There is no visible person, weapon, or unusual movement in the image."
2026-03-31 17:38:20,CLEAR,Sector Alpha – Border Gate 1,,"NO. There is no visible person, weapon, or unusual movement in the image."
2026-03-31 17:38:24,CLEAR,Sector Alpha – Border Gate 1,,"NO. There is no visible person, weapon, or unusual movement in the image."
2026-03-31 17:38:31,CLEAR,Sector Alpha – Border Gate 1,,"NO. There is no person, weapon, or unusual movement visible in the image."
2026-03-31 17:38:36,CLEAR,Sector Alpha – Border Gate 1,,"NO. There is no visible person, weapon, or unusual movement in the image."
2026-03-31 17:38:40,CLEAR,Sector Alpha – Border Gate 1,,"NO. There is no visible person, weapon, or unusual movement in the image."
2026-03-31 17:38:48,INTRUSION,Sector Alpha – Border Gate 1,detections\intrusion_20260331_173848.jpg,"YES. A person appears to be climbing over a metal fence with barbed wire at the top, near the “TRT WORLD” sign."
2026-03-31 17:38:56,INTRUSION,Sector Alpha – Border Gate 1,detections\intrusion_20260331_173856.jpg,"YES. A person is visible in the bottom right corner of the image, partially obscured by the phone’s hand. Their presence suggests human activity in a restricted border area."
2026-03-31 17:39:00,CLEAR,Sector Alpha – Border Gate 1,,"NO. There is no person, weapon, or unusual movement visible in the image."
2026-03-31 19:22:41,CLEAR,Sector Alpha – Border Gate 1,,"NO. There is no person, weapon, or unusual movement visible in the image."
2026-03-31 19:22:47,CLEAR,Sector Alpha – Border Gate 1,,"NO. There is no person, weapon, or unusual movement visible in the image."
2026-03-31 19:22:49,CLEAR,Sector Alpha – Border Gate 1,,"NO. There is no person, weapon, or unusual movement visible in the image."
2026-03-31 19:22:54,CLEAR,Sector Alpha – Border Gate 1,,"NO. There is no visible person, weapon, or unusual movement in the image."
2026-03-31 19:22:57,CLEAR,Sector Alpha – Border Gate 1,,"NO. There is no person, weapon, or unusual movement visible in the image."
2026-03-31 19:23:01,CLEAR,Sector Alpha – Border Gate 1,,"NO. There is no visible person, weapon, or unusual movement in the image."
2026-03-31 19:23:05,CLEAR,Sector Alpha – Border Gate 1,,"NO. There is no person, weapon, or unusual movement visible in the image."
2026-03-31 19:23:09,CLEAR,Sector Alpha – Border Gate 1,,"NO. There is no visible person, weapon, or unusual movement in the image."
2026-03-31 19:23:19,CLEAR,Sector Alpha – Border Gate 1,,"NO. There is no person, weapon, or unusual movement visible in the image."
2026-03-31 19:23:21,CLEAR,Sector Alpha – Border Gate 1,,"NO. There is no visible person, weapon, or unusual movement in the image."
2026-03-31 19:23:28,CLEAR,Sector Alpha – Border Gate 1,,"NO. There is no visible person, weapon, or unusual movement in the image."
2026-03-31 19:23:30,CLEAR,Sector Alpha – Border Gate 1,,"NO. There is no person, weapon, or unusual movement visible in the image."
2026-03-31 19:23:38,INTRUSION,Sector Alpha – Border Gate 1,detections\intrusion_20260331_192338.jpg,"YES. A person is visible near the fence, appearing to climb over it. This suggests human activity in a restricted border area."
2026-03-31 19:23:46,CLEAR,Sector Alpha – Border Gate 1,,"NO. There is no person, weapon, or unusual movement visible in the image."
2026-03-31 19:23:54,CLEAR,Sector Alpha – Border Gate 1,,"NO. There is no person, weapon, or unusual movement visible in the image."
2026-03-31 19:23:58,CLEAR,Sector Alpha – Border Gate 1,,"NO. There is no person, weapon, or unusual movement visible in the image."
2026-03-31 23:54:42,CLEAR,Sector Alpha – Border Gate 1,,"NO. There is no person, weapon, or unusual movement visible in the image."
2026-03-31 23:54:45,CLEAR,Sector Alpha – Border Gate 1,,"NO. There is no person, weapon, or unusual movement visible in the image."
2026-03-31 23:54:49,CLEAR,Sector Alpha – Border Gate 1,,"NO. There is no visible person, weapon, or unusual movement in the image."
2026-03-31 23:54:53,CLEAR,Sector Alpha – Border Gate 1,,"NO. There is no visible person, weapon, or unusual movement in the image."
2026-03-31 23:54:57,CLEAR,Sector Alpha – Border Gate 1,,"NO. There is no person, weapon, or unusual movement visible in the image."
2026-03-31 23:55:01,CLEAR,Sector Alpha – Border Gate 1,,"NO. There is no person, weapon, or unusual movement in the image."
2026-03-31 23:55:05,CLEAR,Sector Alpha – Border Gate 1,,"NO. There is no visible person, weapon, or unusual movement in the image."
2026-03-31 23:55:09,CLEAR,Sector Alpha – Border Gate 1,,"NO. There is no visible person, weapon, or unusual movement in the image."
2026-03-31 23:55:13,CLEAR,Sector Alpha – Border Gate 1,,"NO. There is no person, weapon, or unusual movement visible in the image."
2026-03-31 23:55:17,CLEAR,Sector Alpha – Border Gate 1,,"NO. There is no person, weapon, or unusual movement visible in the image."
2026-03-31 23:55:22,CLEAR,Sector Alpha – Border Gate 1,,"NO. There is no person, weapon, or unusual movement visible in the image."
2026-03-31 23:55:25,CLEAR,Sector Alpha – Border Gate 1,,"NO. There is no person, weapon, or unusual movement visible in the image."
2026-03-31 23:55:30,CLEAR,Sector Alpha – Border Gate 1,,"NO. There is no person, weapon, or unusual movement visible in the image."
2026-03-31 23:55:34,CLEAR,Sector Alpha – Border Gate 1,,"NO. There is no person, weapon, or unusual movement visible in the image."
2026-03-31 23:55:37,CLEAR,Sector Alpha – Border Gate 1,,"NO. There is no person, weapon, or unusual movement visible in the image."
2026-03-31 23:55:46,INTRUSION,Sector Alpha – Border Gate 1,detections\intrusion_20260331_235546.jpg,"YES. A person appears to be standing near a wall with what looks like a metal fence or barrier behind them. There is also a vehicle visible in the image, which could be considered suspicious activity."
2026-03-31 23:55:50,CLEAR,Sector Alpha – Border Gate 1,,"NO. There is no person, weapon, or unusual movement visible in the image."
2026-03-31 23:55:53,CLEAR,Sector Alpha – Border Gate 1,,"NO. There is no person, weapon, or unusual movement visible in the image."
2026-03-31 23:55:58,CLEAR,Sector Alpha – Border Gate 1,,"NO. There is no visible person, weapon, or unusual movement in the image."
